<?xml version="1.0" encoding="UTF-8" standalone="yes"?>
<geometry version="0.8" caption="corner" xmlns:xsi="http://www.w3.org/2001/XMLSchema-instance" xsi:noNamespaceSchemaLocation="http://xsd.jupedsim.org/jps_geometry.xsd" unit="m">
    <rooms>
        <room id="1" caption="bottleneck">
            <subroom id="1" caption="bottleneck" class="corridor" A_x="0" B_y="0" C_z="0">
                <polygon caption="wall">
                    <vertex px="65" py="104"/>
                    <vertex px="62" py="104"/>
                </polygon>
                <polygon caption="wall">
                    <vertex px="62" py="104"/>
                    <vertex px="62" py="102.6"/>
                </polygon>
                <polygon caption="wall">
                    <vertex px="62" py="101.4"/>
                    <vertex px="62" py="100"/>
                </polygon>
                <polygon caption="wall">
                    <vertex px="62" py="100"/>
                    <vertex px="65" py="100"/>
                </polygon>
            </subroom>
        </room>
        <room id="2" caption="bottleneck">
            <subroom id="2" caption="bottleneck" class="corridor" A_x="0" B_y="0" C_z="0">
                <polygon caption="wall">
                    <vertex px="62" py="102.6"/>
                    <vertex px="60" py="102.6"/>
                </polygon>
                <polygon caption="wall">
                    <vertex px="60" py="101.4"/>
                    <vertex px="62" py="101.4"/>
                </polygon>
            </subroom>
        </room>
        <room id="3" caption="bottleneck">
            <subroom id="3" caption="bottleneck" class="corridor" A_x="0" B_y="0" C_z="0">
                <polygon caption="wall">
                    <vertex px="60" py="102.6"/>
                    <vertex px="60" py="104"/>
                </polygon>
                <polygon caption="wall">
                    <vertex px="60" py="104"/>
                    <vertex px="56" py="104"/>
                </polygon>
                <polygon caption="wall">
                    <vertex px="56" py="100"/>
                    <vertex px="60" py="100"/>
                </polygon>
                <polygon caption="wall">
                    <vertex px="60" py="100"/>
                    <vertex px="60" py="101.4"/>
                </polygon>
            </subroom>
        </room>
        <room id="4" caption="bottleneckHolding">
            <subroom id="4" caption="bottleneckHolding" class="corridor" A_x="0" B_y="0" C_z="0">
                <polygon caption="wall">
                    <vertex px="56" py="104"/>
                    <vertex px="50" py="104"/>
                </polygon>
                <polygon caption="wall">
                    <vertex px="50" py="104"/>
                    <vertex px="50" py="100"/>
                </polygon>
                <polygon caption="wall">
                    <vertex px="50" py="100"/>
                    <vertex px="56" py="100"/>
                </polygon>
            </subroom>
        </room>
    </rooms>
    <transitions>
        <transition id="2" caption="exit" type="emergency" room1_id="-1" subroom1_id="-1" room2_id="-1" subroom2_id="-1">
            <vertex px="65" py="104"/>
            <vertex px="65" py="100"/>
        </transition>
        <transition id="3" caption="exit" type="emergency" room1_id="-1" subroom1_id="-1" room2_id="1" subroom2_id="1">
            <vertex px="56" py="104"/>
            <vertex px="56" py="100"/>
        </transition>
    </transitions>
    <undefine>
        <Room id="-1" caption="Not assigned lines" class="container">
            <subroom id="-1"/>
        </Room>
    </undefine>
</geometry>
